,Minirals,Prob
0,Quartz,0.7112329006195068
1,Quartz,0.2820807099342346
2,Quartz,0.7566347718238831
3,Quartz,0.6993966102600098
4,Chlorite,0.39845576882362366
5,Quartz,0.6579949855804443
6,Quartz,0.7575703859329224
7,Quartz,0.7589589953422546
8,Quartz,0.6130326986312866
9,Quartz,0.7636846899986267
10,Tourmaline,0.28906720876693726
11,Tourmaline,0.4650591313838959
12,Chlorite,0.33448368310928345
13,Chlorite,0.3443674147129059
14,Tourmaline,0.4758837819099426
15,Chlorite,0.4372880160808563
16,Quartz,0.5397084355354309
17,Muscovite,0.578581690788269
18,Biotite,0.6998488903045654
19,Chlorite,0.49072596430778503
20,Muscovite,0.44524863362312317
21,Muscovite,0.38025012612342834
22,Muscovite,0.43527114391326904
23,Muscovite,0.5151320695877075
24,Chlorite,0.4163239300251007
25,Muscovite,0.4153326451778412
26,Muscovite,0.706168532371521
27,Chlorite,0.35016685724258423
28,Muscovite,0.38176271319389343
29,Muscovite,0.6599183082580566
30,Chlorite,0.4080020487308502
31,Chlorite,0.4956547021865845
32,Chlorite,0.42547816038131714
33,Chlorite,0.4579050838947296
34,Biotite,0.6063467264175415
35,Biotite,0.8032521605491638
36,Chlorite,0.3595946729183197
37,Chlorite,0.6834809184074402
38,Chlorite,0.5170019268989563
39,Tourmaline,0.35821548104286194
40,Muscovite,0.3552505671977997
41,Chlorite,0.6842865943908691
42,Chlorite,0.39047718048095703
43,Tourmaline,0.32605987787246704
44,Muscovite,0.4778846800327301
45,Chlorite,0.3474138379096985
46,Biotite,0.47805604338645935
47,Muscovite,0.5524569749832153
48,Chlorite,0.44878867268562317
49,Chlorite,0.4747293293476105
50,Muscovite,0.5304604172706604
51,Muscovite,0.4196147918701172
52,Chlorite,0.39972588419914246
53,Muscovite,0.4173138737678528
54,Muscovite,0.6006355285644531
55,Muscovite,0.8250417709350586
56,Muscovite,0.4674861431121826
57,Muscovite,0.3929510712623596
58,Chlorite,0.38664719462394714
59,Muscovite,0.39451727271080017
60,Biotite,0.6341835260391235
61,Chlorite,0.47049960494041443
62,Biotite,0.4619034230709076
63,Muscovite,0.3595949709415436
64,Chlorite,0.33032867312431335
65,Biotite,0.7205392718315125
66,Biotite,0.8712165355682373
67,Biotite,0.9198744297027588
68,Biotite,0.46132978796958923
69,Biotite,0.41705918312072754
70,Muscovite,0.4115943908691406
71,Muscovite,0.4588300883769989
72,Muscovite,0.49659907817840576
73,Chlorite,0.4363500475883484
74,Muscovite,0.4402179718017578
75,Muscovite,0.5546566247940063
76,Muscovite,0.40356066823005676
77,Muscovite,0.6326556205749512
78,Muscovite,0.3033561408519745
79,Chlorite,0.4733757972717285
80,Tourmaline,0.4590543210506439
81,Chlorite,0.5108069777488708
82,Chlorite,0.5842669606208801
83,Biotite,0.5581185817718506
84,Chlorite,0.44997695088386536
85,Tourmaline,0.3144637644290924
86,Tourmaline,0.7427551746368408
87,Tourmaline,0.5522557497024536
88,Tourmaline,0.7307645082473755
89,Chlorite,0.5678920745849609
90,Chlorite,0.7115557789802551
91,Chlorite,0.7380968332290649
92,Chlorite,0.6244940161705017
93,Chlorite,0.6034218072891235
94,Chlorite,0.7196791172027588
95,Chlorite,0.757256269454956
96,Chlorite,0.7228313684463501
97,Chlorite,0.6199706196784973
98,Chlorite,0.7297930121421814
99,Chlorite,0.757641613483429
100,Muscovite,0.5617548227310181
101,Muscovite,0.8032805323600769
102,Muscovite,0.9029845595359802
103,Muscovite,0.6994116902351379
104,Biotite,0.428175687789917
105,Tourmaline,0.4104354977607727
106,Muscovite,0.49096158146858215
107,Chlorite,0.47191983461380005
108,Biotite,0.3399224579334259
109,Muscovite,0.4479309916496277
110,Muscovite,0.6845802068710327
111,Muscovite,0.5751118063926697
112,Muscovite,0.8704361319541931
113,Muscovite,0.657427966594696
114,Muscovite,0.43050268292427063
115,Muscovite,0.8421720266342163
116,Muscovite,0.7648518681526184
117,Muscovite,0.7546082735061646
118,Muscovite,0.657418429851532
119,Chlorite,0.5609519481658936
120,Tourmaline,0.43112292885780334
121,Muscovite,0.5380556583404541
122,Tourmaline,0.2902366816997528
123,Muscovite,0.6013776063919067
124,Tourmaline,0.3731442093849182
125,Tourmaline,0.7631368637084961
126,Tourmaline,0.36352086067199707
127,Tourmaline,0.3437959849834442
128,Tourmaline,0.30480867624282837
129,Chlorite,0.33655059337615967
130,Chlorite,0.4311380088329315
131,Chlorite,0.4311380088329315
132,Muscovite,0.4130401611328125
133,Quartz,0.4144597053527832
134,Muscovite,0.8364784121513367
135,Muscovite,0.8582717180252075
136,Muscovite,0.4841076135635376
137,Muscovite,0.4766372740268707
138,Muscovite,0.28469446301460266
139,Quartz,0.9445611834526062
140,Quartz,0.891095757484436
141,Quartz,0.8778016567230225
142,Muscovite,0.5644806027412415
143,Muscovite,0.5811957120895386
144,Muscovite,0.3892746865749359
145,Quartz,0.4625319540500641
146,Muscovite,0.7423911094665527
147,Muscovite,0.4520459771156311
148,Muscovite,0.5491456389427185
149,Muscovite,0.350756973028183
150,Muscovite,0.3502919673919678
151,Biotite,0.5433750152587891
152,Chlorite,0.7127650380134583
153,Chlorite,0.5568665862083435
154,Chlorite,0.7610495686531067
155,Chlorite,0.6803895235061646
156,Chlorite,0.6551332473754883
157,Chlorite,0.7106859087944031
158,Chlorite,0.7169461846351624
159,Chlorite,0.65839684009552
160,Chlorite,0.41697874665260315
161,Chlorite,0.712893545627594
162,Muscovite,0.45456767082214355
163,Muscovite,0.5527923703193665
164,Muscovite,0.4296033978462219
165,Muscovite,0.6513710021972656
166,Muscovite,0.5632830262184143
167,Quartz,0.7116597294807434
168,Quartz,0.35551998019218445
169,Quartz,0.5701916813850403
170,Tourmaline,0.37197914719581604
171,Quartz,0.3390130400657654
172,Tourmaline,0.36237281560897827
173,Tourmaline,0.6675041317939758
174,Muscovite,0.45646610856056213
175,Muscovite,0.4031180739402771
176,Muscovite,0.7257384061813354
177,Muscovite,0.3286226987838745
178,Muscovite,0.3757753372192383
179,Quartz,0.7873232364654541
180,Quartz,0.6674990057945251
181,Quartz,0.5335894227027893
182,Chlorite,0.4311380088329315
183,Chlorite,0.4311380088329315
184,Muscovite,0.5187397599220276
185,Chlorite,0.4746614396572113
186,Muscovite,0.6635757684707642
187,Muscovite,0.7078666090965271
188,Muscovite,0.5248641967773438
189,Muscovite,0.32394883036613464
190,Chlorite,0.4615141749382019
191,Biotite,0.490038126707077
192,Biotite,0.6174510717391968
193,Muscovite,0.6002602577209473
194,Muscovite,0.5989941358566284
195,Muscovite,0.531890869140625
196,Muscovite,0.49189430475234985
197,Muscovite,0.7423971891403198
198,Muscovite,0.8455125093460083
199,Muscovite,0.6741383075714111
200,Muscovite,0.4407790005207062
201,Muscovite,0.5112565159797668
202,Biotite,0.4493134617805481
203,Biotite,0.7659799456596375
204,Chlorite,0.6010345816612244
205,Chlorite,0.44742873311042786
206,Chlorite,0.38691118359565735
207,Chlorite,0.578180193901062
208,Chlorite,0.5338134169578552
209,Chlorite,0.5018120408058167
210,Chlorite,0.6143897771835327
211,Chlorite,0.8629628419876099
212,Chlorite,0.5827569961547852
213,Chlorite,0.41401731967926025
214,Biotite,0.3776988685131073
215,Tourmaline,0.35985276103019714
216,Chlorite,0.4680866599082947
217,Biotite,0.9408714175224304
218,Biotite,0.8752161264419556
219,Muscovite,0.6400469541549683
220,Muscovite,0.37376540899276733
221,Chlorite,0.42620158195495605
222,Chlorite,0.4222373366355896
223,Biotite,0.8026153445243835
224,Chlorite,0.4757654070854187
225,Chlorite,0.37349775433540344
226,Chlorite,0.3713650107383728
227,Chlorite,0.4159998595714569
228,Chlorite,0.5252154469490051
229,Chlorite,0.3968006670475006
230,Chlorite,0.3630874752998352
231,Chlorite,0.45911550521850586
232,Muscovite,0.40262943506240845
233,Chlorite,0.4749225974082947
234,Biotite,0.8373743891716003
235,Biotite,0.5500775575637817
236,Biotite,0.7831610441207886
237,Biotite,0.9066644310951233
238,Biotite,0.9229273796081543
239,Biotite,0.9153865575790405
240,Biotite,0.8116319179534912
241,Tourmaline,0.5147961378097534
242,Tourmaline,0.3994283974170685
243,Biotite,0.820077657699585
244,Chlorite,0.46361565589904785
245,Chlorite,0.6844510436058044
246,Chlorite,0.3484348654747009
247,Biotite,0.3314189314842224
248,Biotite,0.36383476853370667
249,Biotite,0.6388855576515198
250,Chlorite,0.5534078478813171
251,Chlorite,0.7156882882118225
252,Chlorite,0.7721550464630127
253,Chlorite,0.41454440355300903
254,Muscovite,0.8077647686004639
255,Muscovite,0.7729713916778564
256,Muscovite,0.8201150894165039
257,Muscovite,0.4736712574958801
258,Muscovite,0.5776394605636597
259,Muscovite,0.557185173034668
260,Muscovite,0.5152797698974609
261,Muscovite,0.6859290599822998
262,Muscovite,0.8062323331832886
263,Muscovite,0.8311575651168823
264,Muscovite,0.649369478225708
265,Muscovite,0.8065823316574097
266,Muscovite,0.5106571912765503
267,Muscovite,0.8538435101509094
268,Muscovite,0.79463791847229
269,Biotite,0.5197606682777405
270,Biotite,0.46008867025375366
271,Muscovite,0.7252473831176758
272,Muscovite,0.5786241888999939
273,Muscovite,0.5928541421890259
274,Muscovite,0.5105127096176147
275,Muscovite,0.4515162408351898
276,Muscovite,0.555417537689209
277,Muscovite,0.5237388610839844
278,Biotite,0.6411340832710266
279,Muscovite,0.7930470108985901
280,Muscovite,0.4587896466255188
281,Muscovite,0.4936164617538452
282,Tourmaline,0.39190343022346497
283,Biotite,0.5470120310783386
284,Muscovite,0.5799816250801086
285,Muscovite,0.7562167644500732
286,Muscovite,0.4786982238292694
287,Chlorite,0.37094220519065857
288,Muscovite,0.4779014587402344
289,Muscovite,0.428939551115036
290,Muscovite,0.4848882853984833
291,Muscovite,0.6547942757606506
292,Muscovite,0.8957055807113647
293,Muscovite,0.48428526520729065
294,Biotite,0.8186200857162476
295,Muscovite,0.3330759108066559
296,Tourmaline,0.5390921235084534
297,Muscovite,0.5478962659835815
298,Biotite,0.667974591255188
299,Biotite,0.8873178362846375
300,Biotite,0.9657504558563232
301,Biotite,0.7383986115455627
302,Biotite,0.6934309005737305
303,Biotite,0.8435912132263184
304,Muscovite,0.8936917185783386
305,Muscovite,0.8401228189468384
306,Muscovite,0.9262538552284241
307,Muscovite,0.8877218961715698
308,Muscovite,0.7067035436630249
309,Muscovite,0.8686320185661316
310,Muscovite,0.8931747674942017
311,Muscovite,0.8755207061767578
312,Muscovite,0.9467873573303223
313,Muscovite,0.9053376913070679
314,Chlorite,0.4311380088329315
315,Chlorite,0.4311380088329315
316,Muscovite,0.5376375913619995
317,Muscovite,0.46116313338279724
318,Biotite,0.47935789823532104
319,Muscovite,0.5359982252120972
320,Biotite,0.6815654635429382
321,Biotite,0.6077338457107544
322,Quartz,0.6325355768203735
323,Muscovite,0.6613041162490845
324,Biotite,0.5973978042602539
325,Muscovite,0.6933190822601318
326,Biotite,0.7077421545982361
327,Biotite,0.6850944757461548
328,Biotite,0.6778441071510315
329,Biotite,0.5366661548614502
330,Biotite,0.5035096406936646
331,Biotite,0.6047108173370361
332,Biotite,0.8578169941902161
333,Biotite,0.471190869808197
334,Biotite,0.9079130291938782
335,Biotite,0.39399388432502747
336,Biotite,0.6783231496810913
337,Muscovite,0.6830706000328064
338,Tourmaline,0.4987640082836151
339,Muscovite,0.5122692584991455
340,Muscovite,0.5909176468849182
341,Biotite,0.5053325295448303
342,Biotite,0.5794550776481628
343,Biotite,0.8869075775146484
344,Biotite,0.9211299419403076
345,Biotite,0.3173063397407532
346,Muscovite,0.9176289439201355
347,Muscovite,0.8011921048164368
348,Muscovite,0.9337942600250244
349,Muscovite,0.8943537473678589
350,Muscovite,0.8918137550354004
351,Muscovite,0.8382722735404968
352,Muscovite,0.42090287804603577
353,Muscovite,0.7464636564254761
354,Muscovite,0.9211964011192322
355,Muscovite,0.8800539970397949
356,Muscovite,0.40439507365226746
357,Muscovite,0.32896021008491516
358,Chlorite,0.530589759349823
359,Muscovite,0.5556338429450989
360,Muscovite,0.7699854969978333
361,Muscovite,0.7092616558074951
362,Biotite,0.4615691602230072
363,Biotite,0.7928255200386047
364,Biotite,0.2846806049346924
365,Biotite,0.8974353075027466
366,Muscovite,0.646183431148529
367,Muscovite,0.6351332068443298
368,Muscovite,0.5198302865028381
369,Muscovite,0.7018254995346069
370,Biotite,0.8708401322364807
371,Muscovite,0.7111080288887024
372,Muscovite,0.8666324019432068
373,Muscovite,0.7013800740242004
374,Muscovite,0.6478242874145508
375,Muscovite,0.6858505010604858
376,Muscovite,0.8052846789360046
377,Muscovite,0.8063486814498901
378,Muscovite,0.9020635485649109
379,Muscovite,0.8993857502937317
380,Muscovite,0.905412495136261
381,Muscovite,0.5517087578773499
382,Muscovite,0.6494726538658142
383,Muscovite,0.623529314994812
384,Muscovite,0.8430204391479492
385,Muscovite,0.7271576523780823
386,Biotite,0.8185097575187683
387,Biotite,0.4019167423248291
388,Biotite,0.593815267086029
389,Biotite,0.7968730330467224
390,Muscovite,0.5280086398124695
391,Muscovite,0.5113381147384644
392,Biotite,0.9259037971496582
393,Biotite,0.8521996736526489
394,Biotite,0.9686408638954163
395,Biotite,0.707332193851471
396,Biotite,0.7660437226295471
397,Muscovite,0.5777345299720764
398,Muscovite,0.6177634596824646
399,Muscovite,0.6386745572090149
400,Biotite,0.6788241267204285
401,Biotite,0.47034621238708496
402,Biotite,0.4241926372051239
403,Biotite,0.5576038360595703
404,Biotite,0.9777405261993408
405,Biotite,0.9804723858833313
406,Biotite,0.5155894160270691
407,Biotite,0.3230551481246948
408,Tourmaline,0.5344891548156738
409,Tourmaline,0.3289486765861511
410,Biotite,0.5941482186317444
411,Chlorite,0.3828643560409546
412,Muscovite,0.4555822014808655
413,Biotite,0.7206257581710815
414,Biotite,0.6809400916099548
415,Biotite,0.516290009021759
416,Biotite,0.8174213767051697
417,Chlorite,0.3402966856956482
418,Muscovite,0.4700477123260498
419,Muscovite,0.39749976992607117
420,Biotite,0.6609099507331848
421,Biotite,0.5566960573196411
422,Biotite,0.9646459817886353
423,Biotite,0.977715790271759
424,Biotite,0.679359495639801
425,Biotite,0.6594853401184082
426,Biotite,0.6649771928787231
427,Biotite,0.42287519574165344
428,Biotite,0.7555301785469055
429,Biotite,0.6308289170265198
430,Muscovite,0.3665507733821869
431,Biotite,0.5494788289070129
432,Biotite,0.8315865993499756
433,Biotite,0.8859866261482239
434,Biotite,0.6761797070503235
435,Muscovite,0.4920424222946167
436,Muscovite,0.387259840965271
437,Tourmaline,0.3025570213794708
438,Muscovite,0.8172779083251953
439,Muscovite,0.6246132254600525
440,Muscovite,0.5981858372688293
441,Biotite,0.7140548825263977
442,Biotite,0.4358168840408325
443,Biotite,0.47093647718429565
444,Biotite,0.5104857087135315
445,Biotite,0.49818143248558044
446,Biotite,0.6472895741462708
447,Muscovite,0.7663986086845398
448,Muscovite,0.356632262468338
449,Biotite,0.4632309079170227
450,Biotite,0.6154553890228271
451,Biotite,0.5247576832771301
452,Biotite,0.8215245604515076
453,Biotite,0.8007607460021973
454,Biotite,0.49866241216659546
455,Biotite,0.5214189887046814
456,Biotite,0.6049512028694153
457,Muscovite,0.5475252270698547
458,Biotite,0.5491965413093567
459,Muscovite,0.5340614318847656
460,Biotite,0.5300227999687195
461,Biotite,0.8271744251251221
462,Biotite,0.6311894059181213
463,Biotite,0.7089428901672363
464,Muscovite,0.5508811473846436
465,Muscovite,0.4744913876056671
466,Muscovite,0.8389652371406555
467,Muscovite,0.5642954707145691
468,Muscovite,0.7818875312805176
469,Muscovite,0.9164401888847351
470,Muscovite,0.8666424751281738
471,Muscovite,0.7611514329910278
472,Muscovite,0.7626598477363586
473,Muscovite,0.9352827668190002
474,Muscovite,0.5885058045387268
475,Chlorite,0.4018409848213196
476,Biotite,0.8052701354026794
477,Tourmaline,0.5186888575553894
478,Tourmaline,0.7194095253944397
479,Biotite,0.4568876028060913
480,Biotite,0.5763406753540039
481,Muscovite,0.3729061484336853
482,Biotite,0.8202228546142578
483,Biotite,0.8844532370567322
484,Biotite,0.9701922535896301
485,Biotite,0.9901649355888367
486,Biotite,0.7497969269752502
487,Muscovite,0.46883055567741394
488,Muscovite,0.6987076997756958
489,Biotite,0.6774940490722656
490,Muscovite,0.7052270770072937
491,Biotite,0.7100808620452881
492,Biotite,0.8744837045669556
493,Biotite,0.7365795373916626
494,Biotite,0.9199991226196289
495,Biotite,0.732119083404541
496,Biotite,0.7130181789398193
497,Muscovite,0.8121854662895203
498,Muscovite,0.5623955130577087
499,Biotite,0.7474398612976074
500,Biotite,0.9421424269676208
501,Biotite,0.7153142094612122
502,Biotite,0.8125828504562378
503,Tourmaline,0.5310479998588562
504,Tourmaline,0.3321737051010132
505,Tourmaline,0.4381513297557831
506,Biotite,0.8801356554031372
507,Biotite,0.451743483543396
508,Biotite,0.9533717036247253
509,Muscovite,0.594211757183075
510,Biotite,0.8599727749824524
511,Biotite,0.5565128326416016
512,Biotite,0.6389009952545166
513,Biotite,0.9534558057785034
514,Biotite,0.9380766749382019
515,Biotite,0.9220939874649048
516,Biotite,0.8411290645599365
517,Biotite,0.43321558833122253
518,Biotite,0.5564817190170288
519,Biotite,0.7828198075294495
520,Biotite,0.7998539209365845
521,Biotite,0.9585245251655579
522,Biotite,0.8385817408561707
523,Biotite,0.7148075103759766
524,Biotite,0.7379634380340576
525,Biotite,0.5305831432342529
526,Biotite,0.9237617254257202
527,Biotite,0.4593552052974701
528,Biotite,0.9865125417709351
529,Biotite,0.9748631715774536
530,Biotite,0.722736656665802
531,Biotite,0.798429012298584
532,Biotite,0.9268641471862793
533,Biotite,0.8729739785194397
534,Biotite,0.5565715432167053
535,Biotite,0.7035313248634338
536,Biotite,0.9377304315567017
537,Biotite,0.7967523336410522
538,Biotite,0.900619626045227
539,Biotite,0.8666477203369141
540,Biotite,0.9709472060203552
541,Biotite,0.9660688042640686
542,Biotite,0.8485425710678101
543,Biotite,0.9670966267585754
544,Biotite,0.7341092228889465
545,Biotite,0.7997720241546631
546,Biotite,0.8490685820579529
547,Muscovite,0.486295610666275
548,Biotite,0.770977795124054
549,Biotite,0.9724177122116089
550,Biotite,0.8876623511314392
551,Muscovite,0.5940800905227661
552,Biotite,0.9153815507888794
553,Biotite,0.8521305918693542
554,Biotite,0.8200639486312866
555,Biotite,0.7859519124031067
556,Biotite,0.8745378255844116
557,Muscovite,0.48535987734794617
558,Biotite,0.6915255784988403
559,Biotite,0.6105234622955322
560,Biotite,0.8543680310249329
561,Biotite,0.9564954042434692
562,Biotite,0.7856370210647583
563,Biotite,0.7119251489639282
564,Biotite,0.8104901313781738
565,Biotite,0.9471466541290283
566,Biotite,0.7095031142234802
567,Biotite,0.46975645422935486
568,Muscovite,0.418536901473999
569,Biotite,0.905500054359436
570,Muscovite,0.783470094203949
571,Muscovite,0.34814146161079407
572,Muscovite,0.4797821044921875
573,Muscovite,0.5292224287986755
574,Biotite,0.9640415906906128
575,Biotite,0.9198163151741028
576,Muscovite,0.7595383524894714
577,Muscovite,0.37429457902908325
578,Muscovite,0.8456757068634033
579,Muscovite,0.8271875381469727
580,Chlorite,0.34036239981651306
581,Muscovite,0.4697364568710327
582,Muscovite,0.7291414141654968
583,Muscovite,0.7639482617378235
584,Muscovite,0.8078663349151611
585,Muscovite,0.8903820514678955
586,Muscovite,0.38884639739990234
587,Muscovite,0.8209604024887085
588,Muscovite,0.39825868606567383
589,Muscovite,0.6324490904808044
590,Chlorite,0.5873952507972717
591,Biotite,0.837266206741333
592,Biotite,0.5691484808921814
593,Chlorite,0.32244789600372314
594,Chlorite,0.34171706438064575
595,Biotite,0.29863226413726807
596,Tourmaline,0.528816282749176
597,Chlorite,0.5508420467376709
598,Muscovite,0.3664967715740204
599,Biotite,0.7086666226387024
600,Tourmaline,0.39683088660240173
601,Biotite,0.5108503699302673
602,Tourmaline,0.5022685527801514
603,Tourmaline,0.6533321142196655
604,Tourmaline,0.7519411444664001
605,Tourmaline,0.50071781873703
606,Biotite,0.8152060508728027
607,Muscovite,0.3790103495121002
608,Biotite,0.5358595252037048
609,Biotite,0.5942630767822266
610,Biotite,0.792359471321106
611,Biotite,0.9531651139259338
612,Biotite,0.9601085782051086
613,Biotite,0.5408624410629272
614,Biotite,0.83283931016922
615,Biotite,0.6252689957618713
616,Biotite,0.4504789412021637
617,Chlorite,0.3521086871623993
618,Biotite,0.29584264755249023
619,Muscovite,0.4893682599067688
620,Biotite,0.5787185430526733
621,Biotite,0.9448255300521851
622,Tourmaline,0.8088318109512329
623,Tourmaline,0.295899897813797
624,Tourmaline,0.5496224761009216
625,Biotite,0.6383326053619385
626,Biotite,0.8235358595848083
627,Muscovite,0.46406319737434387
628,Biotite,0.7559912204742432
629,Biotite,0.9065700769424438
630,Biotite,0.8427950739860535
631,Biotite,0.9535282850265503
632,Biotite,0.8197261095046997
633,Biotite,0.47502240538597107
634,Tourmaline,0.4072311818599701
635,Biotite,0.7213281393051147
636,Biotite,0.4101685881614685
637,Tourmaline,0.6083314418792725
638,Tourmaline,0.4566318690776825
639,Biotite,0.8465126156806946
640,Tourmaline,0.39040854573249817
641,Tourmaline,0.43357133865356445
642,Tourmaline,0.3361889123916626
643,Biotite,0.4284202754497528
644,Biotite,0.8090031147003174
645,Biotite,0.964522123336792
646,Biotite,0.3991846740245819
647,Muscovite,0.8167500495910645
648,Biotite,0.6246943473815918
649,Biotite,0.7473869323730469
650,Tourmaline,0.44623345136642456
651,Biotite,0.4646414518356323
652,Biotite,0.6092491149902344
653,Ilmenite,0.5435494780540466
654,Tourmaline,0.4822148084640503
655,Tourmaline,0.3618984818458557
656,Muscovite,0.4679151177406311
657,Muscovite,0.9085094928741455
658,Tourmaline,0.45705726742744446
659,Tourmaline,0.5398533940315247
660,Tourmaline,0.4080837070941925
661,Chlorite,0.43183624744415283
662,Chlorite,0.3569822609424591
663,Muscovite,0.7110865116119385
664,Muscovite,0.8189111351966858
665,Muscovite,0.6352797746658325
666,Biotite,0.45305755734443665
667,Tourmaline,0.479648232460022
668,Biotite,0.843620240688324
669,Chlorite,0.5566654205322266
670,Biotite,0.3332982659339905
671,Biotite,0.7341324090957642
672,Biotite,0.8789317607879639
673,Biotite,0.790800929069519
674,Tourmaline,0.45638608932495117
675,Biotite,0.3755742907524109
676,Chlorite,0.38664987683296204
677,Chlorite,0.3724173605442047
678,Chlorite,0.34156981110572815
679,Chlorite,0.3674733340740204
680,Chlorite,0.4010169208049774
681,Chlorite,0.4030989408493042
682,Muscovite,0.4069662392139435
683,Chlorite,0.45757514238357544
684,Chlorite,0.44256308674812317
685,Chlorite,0.4729826748371124
686,Muscovite,0.6887602210044861
687,Rutile,0.31726542115211487
688,Muscovite,0.851230800151825
689,Muscovite,0.8167670965194702
690,Muscovite,0.5855318307876587
691,Muscovite,0.6859459280967712
692,Muscovite,0.6838153004646301
693,Biotite,0.5049078464508057
694,Muscovite,0.7827554941177368
695,Muscovite,0.7509945631027222
696,Muscovite,0.298884779214859
697,Muscovite,0.47026512026786804
698,Rutile,0.5194005966186523
699,Biotite,0.5383835434913635
700,Chlorite,0.40349724888801575
701,Chlorite,0.4150215983390808
702,Chlorite,0.38880467414855957
703,Muscovite,0.42110806703567505
704,Muscovite,0.49980753660202026
705,Chlorite,0.3405567407608032
706,Chlorite,0.3093739449977875
707,Chlorite,0.3164784908294678
708,Muscovite,0.31055521965026855
709,Chlorite,0.3466893434524536
710,Muscovite,0.3214285671710968
711,Muscovite,0.42557886242866516
712,Chlorite,0.3830118775367737
713,Muscovite,0.33681386709213257
714,Muscovite,0.4008616805076599
715,Chlorite,0.38840165734291077
716,Muscovite,0.4509163200855255
717,Tourmaline,0.6397740840911865
718,Chlorite,0.38769423961639404
719,Muscovite,0.5573750138282776
720,Muscovite,0.8236137628555298
721,Muscovite,0.4805595576763153
722,Biotite,0.38634511828422546
723,Biotite,0.4870585799217224
724,Tourmaline,0.38128525018692017
725,Muscovite,0.5525699853897095
726,Tourmaline,0.3454732596874237
727,Muscovite,0.5857545733451843
728,Biotite,0.46633073687553406
729,Muscovite,0.6766692399978638
730,Muscovite,0.4717997908592224
731,Tourmaline,0.3896394371986389
732,Tourmaline,0.5509580373764038
733,Tourmaline,0.38614508509635925
734,Biotite,0.498327374458313
735,Quartz,0.327760249376297
736,Biotite,0.6664596199989319
737,Muscovite,0.7273962497711182
738,Muscovite,0.533351480960846
739,Biotite,0.5591650009155273
740,Muscovite,0.6022199392318726
741,Biotite,0.6881136298179626
742,Biotite,0.9353654384613037
743,Biotite,0.7540208101272583
744,Biotite,0.9127528071403503
745,Muscovite,0.5823721289634705
746,Biotite,0.4716240465641022
747,Muscovite,0.39152172207832336
748,Muscovite,0.3742114305496216
749,Tourmaline,0.44964712858200073
750,Biotite,0.4287743866443634
751,Muscovite,0.541474461555481
752,Biotite,0.4441409409046173
753,Tourmaline,0.3550770580768585
754,Biotite,0.6654685735702515
755,Biotite,0.8616353869438171
756,Biotite,0.3760395050048828
757,Chlorite,0.4345640540122986
758,Biotite,0.47026726603507996
759,Biotite,0.7941507697105408
760,Biotite,0.8902577757835388
761,Biotite,0.6330816149711609
762,Chlorite,0.43556174635887146
763,Chlorite,0.37844401597976685
764,Chlorite,0.5552705526351929
765,Chlorite,0.5321730375289917
766,Chlorite,0.545415461063385
767,Chlorite,0.4536532163619995
768,Chlorite,0.6156877279281616
769,Chlorite,0.4420495331287384
770,Tourmaline,0.3466018736362457
771,Chlorite,0.44205647706985474
772,Chlorite,0.547362744808197
773,Chlorite,0.4719438850879669
774,Chlorite,0.7639733552932739
775,Chlorite,0.6837155818939209
776,Biotite,0.8294916749000549
777,Biotite,0.5695614218711853
778,Biotite,0.6024197936058044
779,Biotite,0.9203096628189087
780,Biotite,0.4825421869754791
781,Biotite,0.8266550898551941
782,Biotite,0.6333678364753723
783,Biotite,0.987855851650238
784,Tourmaline,0.662490963935852
785,Tourmaline,0.6238614916801453
786,Tourmaline,0.4517141878604889
787,Chlorite,0.40088456869125366
788,Tourmaline,0.3292875289916992
789,Tourmaline,0.4431528151035309
790,Chlorite,0.469817578792572
791,Chlorite,0.5965991616249084
792,Tourmaline,0.5920686721801758
793,Tourmaline,0.699944794178009
794,Tourmaline,0.3512268364429474
795,Biotite,0.5381435751914978
796,Muscovite,0.3466555178165436
797,Muscovite,0.3719666004180908
798,Muscovite,0.35700592398643494
799,Chlorite,0.31417420506477356
800,Muscovite,0.3378029763698578
801,Muscovite,0.43346232175827026
802,Muscovite,0.34794074296951294
803,Chlorite,0.3967352509498596
804,Muscovite,0.3407626450061798
805,Muscovite,0.38120904564857483
806,Tourmaline,0.49525701999664307
807,Biotite,0.5626583099365234
808,Tourmaline,0.6005297303199768
809,Quartz,0.3822232186794281
810,Tourmaline,0.39697393774986267
811,Tourmaline,0.3404722511768341
812,Quartz,0.6675420999526978
813,Tourmaline,0.5548823475837708
814,Tourmaline,0.6135897040367126
815,Biotite,0.66606605052948
816,Biotite,0.48260727524757385
817,Tourmaline,0.6233177185058594
818,Biotite,0.49543023109436035
819,Biotite,0.774239182472229
820,Biotite,0.793378472328186
821,Tourmaline,0.46557483077049255
822,Tourmaline,0.6956608891487122
823,Tourmaline,0.37312135100364685
824,Tourmaline,0.4988022744655609
825,Biotite,0.509306013584137
826,Biotite,0.9145691990852356
827,Tourmaline,0.31760066747665405
828,Biotite,0.661908745765686
829,Biotite,0.5624406933784485
830,Biotite,0.41360968351364136
831,Biotite,0.9385412931442261
832,Biotite,0.9648195505142212
833,Biotite,0.9095042943954468
834,Biotite,0.4063117802143097
835,Biotite,0.7839061617851257
836,Chlorite,0.7102639675140381
837,Chlorite,0.8111522197723389
838,Chlorite,0.7287574410438538
839,Chlorite,0.622081995010376
840,Chlorite,0.5130722522735596
841,Chlorite,0.5321288704872131
842,Chlorite,0.6536138653755188
843,Chlorite,0.4692800045013428
844,Chlorite,0.8609649538993835
845,Quartz,0.32874226570129395
846,Biotite,0.6612858772277832
847,Biotite,0.9053933620452881
848,Biotite,0.9399136304855347
849,Tourmaline,0.7938941121101379
850,Tourmaline,0.8295994997024536
851,Tourmaline,0.6826137900352478
852,Biotite,0.5814129710197449
853,Biotite,0.9430868029594421
854,Biotite,0.6482818722724915
855,Biotite,0.8060830235481262
856,Tourmaline,0.4326462745666504
857,Tourmaline,0.39025020599365234
858,Tourmaline,0.4110743999481201
859,Tourmaline,0.2835288941860199
860,Muscovite,0.3981146216392517
861,Biotite,0.6630587577819824
862,Tourmaline,0.453352689743042
863,Tourmaline,0.5465012788772583
864,Tourmaline,0.5267907977104187
865,Tourmaline,0.41642889380455017
866,Muscovite,0.5072587132453918
867,Biotite,0.5992084741592407
868,Muscovite,0.6829366683959961
869,Biotite,0.48991891741752625
870,Tourmaline,0.752760648727417
871,Muscovite,0.5562787652015686
872,Muscovite,0.5295395255088806
873,Muscovite,0.65968918800354
874,Biotite,0.7636017799377441
875,Muscovite,0.615265429019928
876,Chlorite,0.36740678548812866
877,Chlorite,0.3649563789367676
878,Chlorite,0.35399240255355835
879,Chlorite,0.39514657855033875
880,Chlorite,0.35496944189071655
881,Chlorite,0.3766598105430603
882,Chlorite,0.3509131371974945
883,Muscovite,0.40207424759864807
884,Muscovite,0.3760876953601837
885,Chlorite,0.4053690731525421
886,Tourmaline,0.3495180606842041
887,Chlorite,0.47459688782691956
888,Chlorite,0.5857173204421997
889,Chlorite,0.34336620569229126
890,Chlorite,0.5287850499153137
891,Tourmaline,0.37964287400245667
892,Biotite,0.8055390119552612
893,Tourmaline,0.4551927149295807
894,Tourmaline,0.56724613904953
895,Tourmaline,0.394162118434906
896,Chlorite,0.5863052606582642
897,Chlorite,0.4091893434524536
898,Chlorite,0.601791501045227
899,Chlorite,0.5200477242469788
900,Chlorite,0.4830368459224701
901,Chlorite,0.5549583435058594
902,Chlorite,0.47856155037879944
903,Chlorite,0.534254252910614
904,Chlorite,0.6140860915184021
905,Chlorite,0.7038646340370178
906,Muscovite,0.4334169030189514
907,Muscovite,0.39599868655204773
908,Muscovite,0.34345823526382446
909,Muscovite,0.854411780834198
910,Chlorite,0.43708714842796326
911,Pyrite,0.28715166449546814
912,Muscovite,0.745032548904419
913,Muscovite,0.5694156885147095
914,Muscovite,0.47220608592033386
915,Chlorite,0.48882433772087097
916,Tourmaline,0.3545045554637909
917,Biotite,0.6278491020202637
918,Tourmaline,0.3995272219181061
919,Tourmaline,0.34427610039711
920,Quartz,0.39964455366134644
921,Tourmaline,0.5205572247505188
922,Quartz,0.32560041546821594
923,Chlorite,0.4941369891166687
924,Quartz,0.4602641761302948
925,Quartz,0.7370927333831787
926,Muscovite,0.48833033442497253
927,Tourmaline,0.46193623542785645
928,Muscovite,0.5862672328948975
929,Muscovite,0.6654068827629089
930,Muscovite,0.6557199954986572
931,Muscovite,0.6351162195205688
932,Biotite,0.523653507232666
933,Muscovite,0.4404528737068176
934,Muscovite,0.4170784652233124
935,Biotite,0.8794506788253784
936,Biotite,0.3944627642631531
937,Tourmaline,0.47697651386260986
938,Muscovite,0.7138792872428894
939,Muscovite,0.6706857085227966
940,Muscovite,0.6695196628570557
941,Biotite,0.7293463349342346
942,Biotite,0.4570087194442749
943,Tourmaline,0.46690690517425537
944,Biotite,0.7974239587783813
945,Biotite,0.6224261522293091
946,Tourmaline,0.3471546769142151
947,Tourmaline,0.4000103771686554
948,Chlorite,0.32399657368659973
949,Chlorite,0.3560120761394501
950,Muscovite,0.38009265065193176
951,Biotite,0.8039814233779907
952,Chlorite,0.5070606470108032
953,Tourmaline,0.5123689770698547
954,Tourmaline,0.568286657333374
955,Biotite,0.34433117508888245
956,Chlorite,0.5465158224105835
957,Chlorite,0.8278816938400269
958,Chlorite,0.9294394850730896
959,Chlorite,0.778673529624939
960,Chlorite,0.4929018020629883
961,Chlorite,0.6543174386024475
962,Chlorite,0.47511377930641174
963,Biotite,0.3859536051750183
964,Chlorite,0.5266268253326416
965,Biotite,0.5051671862602234
966,Chlorite,0.46871063113212585
967,Chlorite,0.4823685884475708
968,Chlorite,0.5638443827629089
969,Chlorite,0.7547721862792969
970,Biotite,0.6046854853630066
971,Biotite,0.6083874702453613
972,Chlorite,0.6918076276779175
973,Biotite,0.4604751765727997
974,Biotite,0.5293702483177185
975,Chlorite,0.5668476819992065
976,Muscovite,0.5070514678955078
977,Muscovite,0.5991711616516113
978,Chlorite,0.3764210641384125
979,Muscovite,0.905173122882843
980,Muscovite,0.3678314685821533
981,Chlorite,0.3008076250553131
982,Muscovite,0.6357071399688721
983,Muscovite,0.4550651013851166
984,Chlorite,0.4448656737804413
985,Chlorite,0.37480220198631287
986,Biotite,0.7434518933296204
987,Chlorite,0.5504261255264282
988,Tourmaline,0.4041355550289154
989,Biotite,0.9837520122528076
990,Biotite,0.6740474700927734
991,Biotite,0.5278799533843994
992,Biotite,0.46206092834472656
993,Biotite,0.35301443934440613
994,Biotite,0.7180660367012024
995,Biotite,0.9247349500656128
996,Biotite,0.692096471786499
997,Muscovite,0.6808585524559021
998,Biotite,0.41794586181640625
999,Muscovite,0.6542009711265564
1000,Biotite,0.7316474318504333
1001,Biotite,0.7759169936180115
1002,Biotite,0.7826360464096069
1003,Biotite,0.9457425475120544
1004,Biotite,0.4090674817562103
1005,Tourmaline,0.4979724586009979
1006,Tourmaline,0.5239864587783813
1007,Tourmaline,0.8135997653007507
1008,Muscovite,0.6864573359489441
1009,Tourmaline,0.4616635739803314
1010,Tourmaline,0.37191203236579895
1011,Tourmaline,0.679279088973999
1012,Tourmaline,0.5343936085700989
1013,Tourmaline,0.6325839161872864
1014,Tourmaline,0.4909816384315491
1015,Biotite,0.5424789190292358
1016,Tourmaline,0.4162255525588989
1017,Tourmaline,0.5391845703125
1018,Chlorite,0.43597495555877686
1019,Chlorite,0.36367934942245483
1020,Biotite,0.49177953600883484
1021,Quartz,0.6982361078262329
1022,Biotite,0.7566426396369934
1023,Biotite,0.5344648957252502
1024,Biotite,0.4092092514038086
1025,Tourmaline,0.636212944984436
1026,Chlorite,0.3696383833885193
1027,Chlorite,0.3815634548664093
1028,Chlorite,0.35494422912597656
1029,Chlorite,0.37230807542800903
1030,Chlorite,0.37630927562713623
1031,Chlorite,0.401870459318161
1032,Chlorite,0.42276930809020996
1033,Chlorite,0.44798189401626587
1034,Muscovite,0.45250362157821655
1035,Muscovite,0.6295616030693054
1036,Chlorite,0.3266686499118805
1037,Muscovite,0.7270650267601013
1038,Chlorite,0.5087095499038696
1039,Chlorite,0.3877487778663635
1040,Chlorite,0.3469555974006653
1041,Chlorite,0.4418885111808777
1042,Chlorite,0.2507769465446472
1043,Muscovite,0.5481643080711365
1044,Muscovite,0.721738874912262
1045,Muscovite,0.36944395303726196
1046,Chlorite,0.3565744459629059
1047,Chlorite,0.3879694938659668
1048,Chlorite,0.36608320474624634
1049,Chlorite,0.3758903443813324
1050,Muscovite,0.30993786454200745
1051,Chlorite,0.3417387008666992
1052,Chlorite,0.3901917040348053
1053,Chlorite,0.40071719884872437
1054,Chlorite,0.33511942625045776
1055,Chlorite,0.3085850775241852
1056,Muscovite,0.4233884811401367
1057,Muscovite,0.6806960701942444
1058,Muscovite,0.7489950060844421
1059,Muscovite,0.6973071098327637
1060,Muscovite,0.41233643889427185
1061,Chlorite,0.3796314299106598
1062,Chlorite,0.3250555694103241
1063,Chlorite,0.319192498922348
1064,Chlorite,0.36605075001716614
1065,Chlorite,0.3275086581707001
1066,Muscovite,0.4948607385158539
1067,Muscovite,0.34706443548202515
1068,Chlorite,0.3413631319999695
1069,Chlorite,0.34276363253593445
1070,Muscovite,0.4432588815689087
1071,Muscovite,0.704490602016449
1072,Muscovite,0.5012134313583374
1073,Muscovite,0.7551487684249878
1074,Muscovite,0.4375106692314148
1075,Muscovite,0.6961387991905212
1076,Chlorite,0.4277302622795105
1077,Chlorite,0.3584522008895874
1078,Muscovite,0.2736104428768158
1079,Chlorite,0.5156936645507812
1080,Chlorite,0.3993092477321625
1081,Chlorite,0.5989941358566284
1082,Chlorite,0.4821398854255676
1083,Tourmaline,0.43441179394721985
1084,Tourmaline,0.326736718416214
1085,Tourmaline,0.47697192430496216
1086,Chlorite,0.47470757365226746
1087,Chlorite,0.3283708691596985
1088,Chlorite,0.4315231442451477
1089,Chlorite,0.5188582539558411
1090,Muscovite,0.6051359176635742
1091,Chlorite,0.6586726903915405
1092,Chlorite,0.42284271121025085
1093,Chlorite,0.48350274562835693
1094,Chlorite,0.5287015438079834
1095,Muscovite,0.4285309314727783
1096,Muscovite,0.5960059762001038
1097,Muscovite,0.5318584442138672
1098,Muscovite,0.5319400429725647
1099,Muscovite,0.6443014740943909
1100,Quartz,0.5517724752426147
1101,Muscovite,0.4386933743953705
1102,Chlorite,0.3392713665962219
1103,Muscovite,0.5910214185714722
1104,Muscovite,0.6001647710800171
1105,Muscovite,0.7821844220161438
1106,Tourmaline,0.370539128780365
1107,Muscovite,0.5345355272293091
1108,Tourmaline,0.4659232497215271
1109,Chlorite,0.3528285324573517
1110,Tourmaline,0.5236943364143372
1111,Muscovite,0.7371199131011963
1112,Muscovite,0.5095586776733398
1113,Biotite,0.9415203928947449
1114,Biotite,0.4611227214336395
1115,Biotite,0.829074501991272
1116,Chlorite,0.4327716827392578
1117,Chlorite,0.41661906242370605
1118,Muscovite,0.7517797946929932
1119,Chlorite,0.5551844835281372
1120,Chlorite,0.48691514134407043
1121,Muscovite,0.47152918577194214
1122,Chlorite,0.5225726366043091
1123,Chlorite,0.5878420472145081
1124,Chlorite,0.5240515470504761
1125,Tourmaline,0.3100806772708893
1126,Muscovite,0.5104001760482788
1127,Muscovite,0.7578707933425903
1128,Muscovite,0.398089200258255
1129,Muscovite,0.5480899214744568
1130,Tourmaline,0.5794607996940613
1131,Muscovite,0.30156421661376953
1132,Muscovite,0.6370155215263367
1133,Chlorite,0.41784030199050903
1134,Muscovite,0.4819408655166626
1135,Muscovite,0.745803952217102
1136,Muscovite,0.8890020251274109
1137,Muscovite,0.6554150581359863
1138,Muscovite,0.7956625819206238
1139,Muscovite,0.7762494087219238
1140,Muscovite,0.8335862755775452
1141,Muscovite,0.7872406244277954
1142,Muscovite,0.8989366292953491
1143,Muscovite,0.9312402009963989
1144,Muscovite,0.9442840814590454
1145,Muscovite,0.8568898439407349
1146,Muscovite,0.6316052079200745
1147,Tourmaline,0.5911077857017517
1148,Muscovite,0.7368561625480652
1149,Tourmaline,0.3692716062068939
1150,Muscovite,0.8888250589370728
1151,Muscovite,0.8063148856163025
1152,Muscovite,0.4811585247516632
1153,Muscovite,0.7642388343811035
1154,Muscovite,0.44428470730781555
1155,Chlorite,0.49138975143432617
1156,Muscovite,0.5864693522453308
1157,Muscovite,0.6916502118110657
1158,Muscovite,0.7999983429908752
1159,Chlorite,0.649875283241272
1160,Tourmaline,0.34517887234687805
1161,Muscovite,0.49274876713752747
1162,Muscovite,0.6281925439834595
1163,Chlorite,0.557758629322052
1164,Muscovite,0.7541831135749817
1165,Muscovite,0.6968826055526733
1166,Muscovite,0.4997391998767853
1167,Muscovite,0.568644642829895
1168,Muscovite,0.512749433517456
1169,Biotite,0.7230635285377502
1170,Muscovite,0.6699196696281433
1171,Biotite,0.6020143032073975
1172,Biotite,0.7847057580947876
1173,Rutile,0.6095917224884033
1174,Tourmaline,0.44975465536117554
1175,Tourmaline,0.4132055938243866
1176,Muscovite,0.7813395857810974
1177,Muscovite,0.8732056617736816
1178,Muscovite,0.8741149306297302
1179,Muscovite,0.6106800436973572
1180,Muscovite,0.5808213949203491
1181,Chlorite,0.3329915404319763
1182,Muscovite,0.7415869832038879
1183,Muscovite,0.688021183013916
1184,Muscovite,0.7297657132148743
1185,Muscovite,0.48114708065986633
1186,Chlorite,0.3960478603839874
1187,Chlorite,0.4044002294540405
1188,Chlorite,0.42951568961143494
1189,Chlorite,0.5167370438575745
1190,Tourmaline,0.369515597820282
1191,Chlorite,0.42488133907318115
1192,Chlorite,0.4173814654350281
1193,Chlorite,0.4074489176273346
1194,Quartz,0.482972651720047
1195,Quartz,0.6734652519226074
1196,Muscovite,0.9184911251068115
1197,Muscovite,0.9178537726402283
1198,Muscovite,0.8968667984008789
1199,Muscovite,0.9409715533256531
1200,Muscovite,0.8176001906394958
1201,Muscovite,0.9371011257171631
1202,Muscovite,0.8835923075675964
1203,Muscovite,0.8387086391448975
1204,Muscovite,0.9295278787612915
1205,Muscovite,0.9052042365074158
1206,Muscovite,0.7856781482696533
1207,Muscovite,0.8575122952461243
1208,Muscovite,0.89659583568573
1209,Biotite,0.7628390789031982
1210,Biotite,0.6783657670021057
1211,Muscovite,0.8815217614173889
1212,Muscovite,0.6461130976676941
1213,Muscovite,0.7845001816749573
1214,Muscovite,0.730360209941864
1215,Muscovite,0.8978495001792908
1216,Chlorite,0.43912315368652344
1217,Chlorite,0.6301259994506836
1218,Chlorite,0.4033209979534149
1219,Biotite,0.39048683643341064
1220,Muscovite,0.6832497119903564
1221,Chlorite,0.3602035939693451
1222,Chlorite,0.6904953718185425
1223,Chlorite,0.4883519411087036
1224,Chlorite,0.6247871518135071
1225,Chlorite,0.45834723114967346
1226,Muscovite,0.48566731810569763
1227,Muscovite,0.555462121963501
1228,Chlorite,0.3412910997867584
1229,Muscovite,0.5022231936454773
1230,Muscovite,0.5157741904258728
1231,Muscovite,0.6349734663963318
1232,Biotite,0.6870447993278503
1233,Muscovite,0.2969920039176941
1234,Muscovite,0.5686801671981812
1235,Chlorite,0.3608255386352539
1236,Tourmaline,0.3898874521255493
1237,Chlorite,0.6067630648612976
1238,Muscovite,0.7328929305076599
1239,Tourmaline,0.5176576972007751
1240,Tourmaline,0.4706692397594452
1241,Tourmaline,0.31738436222076416
1242,Biotite,0.34086674451828003
1243,Tourmaline,0.3297986686229706
1244,Tourmaline,0.4395706057548523
1245,Tourmaline,0.3944823741912842
1246,Muscovite,0.46550047397613525
1247,Muscovite,0.8891663551330566
1248,Muscovite,0.8654077649116516
1249,Tourmaline,0.3566663861274719
1250,Tourmaline,0.4235179126262665
1251,Muscovite,0.3466483950614929
1252,Tourmaline,0.373643696308136
1253,Chlorite,0.3466445803642273
1254,Muscovite,0.5501420497894287
1255,Tourmaline,0.3531418442726135
1256,Chlorite,0.46141812205314636
1257,Chlorite,0.6737818717956543
1258,Chlorite,0.6653971076011658
1259,Chlorite,0.5977396965026855
1260,Chlorite,0.6135084629058838
1261,Tourmaline,0.42067620158195496
1262,Tourmaline,0.49196964502334595
1263,Tourmaline,0.4765457510948181
1264,Chlorite,0.5178383588790894
1265,Ilmenite,0.45000800490379333
1266,Chlorite,0.5638392567634583
1267,Chlorite,0.5106484293937683
1268,Chlorite,0.46273499727249146
1269,Chlorite,0.6563843488693237
1270,Chlorite,0.49839234352111816
1271,Chlorite,0.551824152469635
1272,Chlorite,0.4874805510044098
1273,Chlorite,0.5756840109825134
1274,Chlorite,0.7031711339950562
1275,Chlorite,0.4943143129348755
1276,Tourmaline,0.395124614238739
1277,Muscovite,0.3268308937549591
1278,Tourmaline,0.6040209531784058
1279,Muscovite,0.6277955174446106
1280,Tourmaline,0.5441093444824219
1281,Tourmaline,0.36775434017181396
1282,Tourmaline,0.3670453131198883
1283,Chlorite,0.3809015154838562
1284,Chlorite,0.4058247208595276
1285,Tourmaline,0.37299010157585144
1286,Chlorite,0.4311380088329315
1287,Chlorite,0.4311380088329315
1288,Chlorite,0.5828427672386169
1289,Chlorite,0.5964798927307129
1290,Chlorite,0.6187027096748352
1291,Chlorite,0.6178070306777954
1292,Chlorite,0.4650147259235382
1293,Chlorite,0.6170177459716797
1294,Chlorite,0.4556318521499634
1295,Chlorite,0.4231947660446167
1296,Chlorite,0.602791965007782
1297,Chlorite,0.48480358719825745
1298,Muscovite,0.491413414478302
1299,Muscovite,0.41986504197120667
1300,Muscovite,0.48233747482299805
1301,Chlorite,0.4185969829559326
1302,Muscovite,0.37516558170318604
1303,Muscovite,0.6150152683258057
1304,Chlorite,0.37612688541412354
1305,Muscovite,0.610578715801239
1306,Muscovite,0.612061619758606
1307,Muscovite,0.7219863533973694
1308,Tourmaline,0.4722517728805542
1309,Tourmaline,0.4080669581890106
1310,Chlorite,0.33997535705566406
1311,Muscovite,0.27732738852500916
1312,Muscovite,0.5705888867378235
1313,Tourmaline,0.5635043382644653
1314,Tourmaline,0.5196876525878906
1315,Chlorite,0.31709471344947815
1316,Tourmaline,0.47286456823349
1317,Tourmaline,0.5274032354354858
1318,Tourmaline,0.5714731216430664
1319,Tourmaline,0.437094122171402
1320,Tourmaline,0.40002191066741943
1321,Tourmaline,0.358219712972641
1322,Tourmaline,0.40197518467903137
1323,Tourmaline,0.47260934114456177
1324,Tourmaline,0.6195486187934875
1325,Tourmaline,0.5203545093536377
1326,Tourmaline,0.7108059525489807
1327,Tourmaline,0.6867763996124268
1328,Chlorite,0.4514366388320923
1329,Chlorite,0.6428201198577881
1330,Chlorite,0.45388925075531006
1331,Chlorite,0.624830424785614
1332,Chlorite,0.44339731335639954
1333,Chlorite,0.352073073387146
1334,Muscovite,0.41188928484916687
1335,Chlorite,0.539771318435669
1336,Tourmaline,0.3762160837650299
1337,Chlorite,0.3202892243862152
1338,Muscovite,0.4712057411670685
1339,Muscovite,0.8081590533256531
1340,Muscovite,0.9213076233863831
1341,Muscovite,0.7348715662956238
1342,Chlorite,0.6874961256980896
1343,Chlorite,0.5198290944099426
1344,Chlorite,0.598607063293457
1345,Muscovite,0.5810884237289429
1346,Chlorite,0.35549038648605347
1347,Chlorite,0.5158550143241882
1348,Tourmaline,0.46141400933265686
1349,Tourmaline,0.6416326761245728
1350,Muscovite,0.40991172194480896
1351,Tourmaline,0.4883131682872772
1352,Muscovite,0.32625672221183777
1353,Tourmaline,0.5022795796394348
1354,Biotite,0.7370874285697937
1355,Biotite,0.570438802242279
1356,Tourmaline,0.571780800819397
1357,Tourmaline,0.5982214212417603
1358,Tourmaline,0.5346894264221191
1359,Tourmaline,0.5239844918251038
1360,Tourmaline,0.5041782259941101
1361,Tourmaline,0.5102477073669434
1362,Chlorite,0.3606756329536438
1363,Tourmaline,0.5487034320831299
1364,Tourmaline,0.4537551999092102
1365,Biotite,0.8814377784729004
1366,Tourmaline,0.6403059363365173
1367,Tourmaline,0.5331124663352966
1368,Chlorite,0.4106418788433075
1369,Chlorite,0.5826971530914307
1370,Chlorite,0.4712284505367279
1371,Chlorite,0.450585275888443
1372,Chlorite,0.4741877615451813
1373,Biotite,0.3412698805332184
1374,Chlorite,0.39953121542930603
1375,Tourmaline,0.37182554602622986
1376,Chlorite,0.4187779724597931
1377,Tourmaline,0.4303584396839142
1378,Muscovite,0.44174474477767944
1379,Chlorite,0.3721708059310913
1380,Muscovite,0.5378731489181519
1381,Muscovite,0.34432539343833923
1382,Muscovite,0.372646689414978
1383,Muscovite,0.540580689907074
1384,Muscovite,0.7171838283538818
1385,Muscovite,0.4555160105228424
1386,Muscovite,0.3428995907306671
1387,Chlorite,0.4353814125061035
1388,Tourmaline,0.41936904191970825
1389,Tourmaline,0.35843732953071594
1390,Tourmaline,0.5132576823234558
1391,Chlorite,0.3715929687023163
1392,Chlorite,0.49063640832901
1393,Muscovite,0.42112594842910767
1394,Tourmaline,0.7018820643424988
1395,Tourmaline,0.34079426527023315
1396,Chlorite,0.5448748469352722
1397,Tourmaline,0.4114862382411957
1398,Chlorite,0.3379989266395569
1399,Chlorite,0.3694964349269867
1400,Tourmaline,0.43624866008758545
1401,Quartz,0.5574573874473572
1402,Chlorite,0.2906860411167145
1403,Biotite,0.47275233268737793
1404,Chlorite,0.5050062537193298
1405,Biotite,0.3455613851547241
1406,Chlorite,0.3949953615665436
1407,Chlorite,0.5248448848724365
1408,Biotite,0.34546953439712524
1409,Chlorite,0.34929159283638
1410,Muscovite,0.3619365692138672
1411,Muscovite,0.8337913751602173
1412,Muscovite,0.4853326976299286
1413,Biotite,0.6917068362236023
1414,Biotite,0.5911310911178589
1415,Biotite,0.43774768710136414
1416,Biotite,0.63520348072052
1417,Tourmaline,0.3099914491176605
1418,Muscovite,0.6397545337677002
1419,Muscovite,0.7442082762718201
1420,Muscovite,0.874396562576294
1421,Muscovite,0.8000530004501343
1422,Muscovite,0.7485297322273254
1423,Muscovite,0.7315229773521423
1424,Muscovite,0.4187842607498169
1425,Tourmaline,0.41704389452934265
1426,Tourmaline,0.44009339809417725
1427,Chlorite,0.4474364221096039
1428,Muscovite,0.4427223801612854
1429,Muscovite,0.7911603450775146
1430,Muscovite,0.7741167545318604
1431,Muscovite,0.8942732810974121
1432,Tourmaline,0.6251770257949829
1433,Tourmaline,0.5991418957710266
1434,Tourmaline,0.578704833984375
1435,Tourmaline,0.32777276635169983
1436,Muscovite,0.6429107785224915
1437,Chlorite,0.43246421217918396
1438,Tourmaline,0.5587114095687866
1439,Chlorite,0.3856638967990875
1440,Tourmaline,0.28738832473754883
1441,Quartz,0.5338063836097717
1442,Tourmaline,0.5777696967124939
1443,Tourmaline,0.5400663018226624
1444,Tourmaline,0.4648762345314026
1445,Tourmaline,0.6615994572639465
1446,Tourmaline,0.31320327520370483
1447,Tourmaline,0.4739697575569153
1448,Biotite,0.43810221552848816
1449,Tourmaline,0.39753949642181396
1450,Tourmaline,0.636568546295166
1451,Tourmaline,0.6931877732276917
1452,Muscovite,0.6927773356437683
1453,Muscovite,0.39617568254470825
1454,Muscovite,0.5674359202384949
1455,Biotite,0.6301777362823486
1456,Biotite,0.9351522326469421
1457,Biotite,0.5189290046691895
1458,Tourmaline,0.5483295917510986
1459,Tourmaline,0.4665628671646118
1460,Tourmaline,0.6749270558357239
1461,Tourmaline,0.6140446662902832
1462,Chlorite,0.4219950735569
1463,Tourmaline,0.4376249313354492
1464,Tourmaline,0.6726309657096863
1465,Biotite,0.6868904829025269
1466,Biotite,0.4241126477718353
1467,Tourmaline,0.3962315320968628
1468,Muscovite,0.5347697138786316
1469,Muscovite,0.7903857827186584
1470,Muscovite,0.4602617919445038
1471,Muscovite,0.7434672117233276
1472,Muscovite,0.35816267132759094
1473,Muscovite,0.6708245873451233
1474,Muscovite,0.5312187075614929
1475,Biotite,0.46779659390449524
1476,Muscovite,0.44683706760406494
1477,Biotite,0.4550230801105499
1478,Tourmaline,0.3597744107246399
1479,Tourmaline,0.5715025067329407
1480,Tourmaline,0.4464755058288574
1481,Tourmaline,0.46159684658050537
1482,Muscovite,0.43757086992263794
1483,Tourmaline,0.3791655898094177
1484,Chlorite,0.250115305185318
1485,Chlorite,0.4026619791984558
1486,Muscovite,0.4502983093261719
1487,Muscovite,0.7065147161483765
1488,Biotite,0.4184412360191345
1489,Chlorite,0.3937009274959564
1490,Muscovite,0.7907906174659729
1491,Muscovite,0.8064368963241577
1492,Muscovite,0.6252181529998779
1493,Muscovite,0.589252769947052
1494,Biotite,0.580761194229126
1495,Biotite,0.3945061266422272
1496,Biotite,0.9309797286987305
1497,Tourmaline,0.340638667345047
1498,Muscovite,0.7260010838508606
1499,Muscovite,0.8324935436248779
1500,Muscovite,0.5561358332633972
1501,Muscovite,0.8662543892860413
1502,Muscovite,0.8173668384552002
1503,Muscovite,0.753803014755249
1504,Muscovite,0.4678695797920227
1505,Biotite,0.49663740396499634
1506,Biotite,0.5542622804641724
1507,Muscovite,0.5097342729568481
1508,Muscovite,0.6390712261199951
1509,Muscovite,0.6977814435958862
1510,Muscovite,0.8395041227340698
1511,Muscovite,0.6784839034080505
1512,Muscovite,0.8272785544395447
1513,Muscovite,0.45734110474586487
1514,Muscovite,0.46562135219573975
1515,Muscovite,0.6808153390884399
1516,Muscovite,0.4711688756942749
1517,Tourmaline,0.5379220247268677
1518,Biotite,0.7975564002990723
1519,Biotite,0.6357715129852295
1520,Muscovite,0.5221280455589294
1521,Muscovite,0.5732084512710571
1522,Muscovite,0.5699252486228943
1523,Biotite,0.7876149415969849
1524,Biotite,0.8613431453704834
1525,Biotite,0.777133047580719
1526,Biotite,0.5633752346038818
1527,Tourmaline,0.5335406064987183
1528,Biotite,0.7478306889533997
1529,Tourmaline,0.36202555894851685
1530,Muscovite,0.7058997750282288
1531,Biotite,0.9007558822631836
1532,Biotite,0.49396735429763794
1533,Biotite,0.3387962877750397
1534,Biotite,0.3390082120895386
1535,Biotite,0.6787193417549133
1536,Biotite,0.9131513237953186
1537,Biotite,0.9697456359863281
1538,Chlorite,0.4360292851924896
1539,Chlorite,0.4532529413700104
1540,Chlorite,0.41470950841903687
1541,Chlorite,0.404737263917923
1542,Chlorite,0.4319920837879181
1543,Chlorite,0.36097997426986694
1544,Chlorite,0.4254555404186249
1545,Chlorite,0.3776210844516754
1546,Chlorite,0.337210476398468
1547,Chlorite,0.40398097038269043
1548,Biotite,0.6031271815299988
1549,Muscovite,0.6260887384414673
1550,Biotite,0.6354089379310608
1551,Muscovite,0.6571457386016846
1552,Muscovite,0.2958415150642395
1553,Muscovite,0.5631628036499023
1554,Biotite,0.9734702110290527
1555,Biotite,0.9008464217185974
1556,Biotite,0.7327941656112671
1557,Tourmaline,0.36912551522254944
1558,Biotite,0.3293352723121643
1559,Tourmaline,0.36776456236839294
1560,Tourmaline,0.42474690079689026
1561,Biotite,0.5017061233520508
1562,Muscovite,0.5009034872055054
1563,Muscovite,0.5439581274986267
1564,Tourmaline,0.6702705025672913
1565,Tourmaline,0.34394413232803345
1566,Biotite,0.45721930265426636
1567,Tourmaline,0.4341207444667816
1568,Biotite,0.37501969933509827
1569,Tourmaline,0.7771915793418884
1570,Tourmaline,0.4792102575302124
1571,Muscovite,0.3800921142101288
1572,Muscovite,0.5785243511199951
1573,Biotite,0.5796285271644592
1574,Tourmaline,0.800469696521759
1575,Quartz,0.34430429339408875
1576,Tourmaline,0.7527206540107727
1577,Muscovite,0.4718390703201294
1578,Tourmaline,0.38881874084472656
1579,Tourmaline,0.5860942602157593
1580,Tourmaline,0.5267563462257385
1581,Biotite,0.591941237449646
1582,Biotite,0.4998708665370941
1583,Biotite,0.36891666054725647
1584,Tourmaline,0.4390745162963867
1585,Tourmaline,0.3963450491428375
1586,Tourmaline,0.49596071243286133
1587,Tourmaline,0.5658320784568787
1588,Chlorite,0.36872440576553345
1589,Muscovite,0.5245307683944702
1590,Chlorite,0.4080425500869751
1591,Tourmaline,0.5756468772888184
1592,Tourmaline,0.5044002532958984
1593,Chlorite,0.34960776567459106
1594,Muscovite,0.3224615454673767
1595,Muscovite,0.5714449286460876
1596,Chlorite,0.49000081419944763
1597,Chlorite,0.4608679711818695
1598,Muscovite,0.5501664280891418
1599,Muscovite,0.5521778464317322
1600,Muscovite,0.6400279998779297
1601,Muscovite,0.6191353797912598
1602,Muscovite,0.4032444357872009
1603,Muscovite,0.38656917214393616
1604,Muscovite,0.782188355922699
1605,Muscovite,0.7256622910499573
1606,Muscovite,0.4172638952732086
1607,Tourmaline,0.5610619187355042
1608,Tourmaline,0.3921469748020172
1609,Muscovite,0.35416650772094727
1610,Chlorite,0.41569533944129944
1611,Muscovite,0.4727818965911865
1612,Muscovite,0.37429559230804443
1613,Biotite,0.7355968952178955
1614,Chlorite,0.4626155495643616
1615,Tourmaline,0.6280800700187683
1616,Tourmaline,0.5492458343505859
1617,Tourmaline,0.6583678722381592
1618,Muscovite,0.45405957102775574
1619,Muscovite,0.6152874827384949
1620,Muscovite,0.7227402925491333
1621,Muscovite,0.3876253664493561
1622,Muscovite,0.8216564655303955
1623,Muscovite,0.44183650612831116
1624,Muscovite,0.29243040084838867
1625,Muscovite,0.38402941823005676
1626,Biotite,0.5912982821464539
1627,Biotite,0.5897809863090515
1628,Tourmaline,0.46638938784599304
1629,Chlorite,0.43433189392089844
1630,Chlorite,0.4699116051197052
1631,Chlorite,0.4465481638908386
1632,Tourmaline,0.48816779255867004
1633,Tourmaline,0.4325309991836548
1634,Muscovite,0.42735445499420166
1635,Chlorite,0.47869351506233215
1636,Tourmaline,0.7668481469154358
1637,Tourmaline,0.4355383813381195
1638,Tourmaline,0.33813387155532837
1639,Tourmaline,0.3225178122520447
1640,Quartz,0.44786593317985535
1641,Quartz,0.506863534450531
1642,Quartz,0.7958633899688721
1643,Quartz,0.4796702563762665
1644,Muscovite,0.3534325659275055
1645,Chlorite,0.44728225469589233
1646,Chlorite,0.39913761615753174
1647,Tourmaline,0.5032726526260376
1648,Muscovite,0.594832181930542
1649,Muscovite,0.8836742043495178
1650,Muscovite,0.6059856414794922
1651,Muscovite,0.5471250414848328
1652,Muscovite,0.5515849590301514
1653,Muscovite,0.49527597427368164
1654,Muscovite,0.5107451677322388
1655,Muscovite,0.7010208964347839
1656,Muscovite,0.30862951278686523
1657,Muscovite,0.3938751518726349
1658,Chlorite,0.36392542719841003
1659,Chlorite,0.3332555592060089
1660,Chlorite,0.3593955636024475
1661,Chlorite,0.3574649393558502
1662,Chlorite,0.41445332765579224
1663,Chlorite,0.34466660022735596
1664,Chlorite,0.37350642681121826
1665,Chlorite,0.3684781789779663
1666,Chlorite,0.35758939385414124
1667,Chlorite,0.3583197593688965
1668,Tourmaline,0.34028616547584534
1669,Chlorite,0.43281495571136475
1670,Muscovite,0.34939998388290405
1671,Muscovite,0.7002045512199402
1672,Tourmaline,0.3822190463542938
1673,Tourmaline,0.6991740465164185
1674,Tourmaline,0.3342662453651428
1675,Quartz,0.6208050847053528
1676,Quartz,0.42224088311195374
1677,Tourmaline,0.4262550473213196
1678,Muscovite,0.7367516160011292
1679,Muscovite,0.6265180110931396
1680,Muscovite,0.5594825744628906
1681,Muscovite,0.7756204605102539
1682,Muscovite,0.8729853630065918
1683,Muscovite,0.7923270463943481
1684,Muscovite,0.763672411441803
1685,Muscovite,0.8687893152236938
1686,Muscovite,0.7039136290550232
1687,Muscovite,0.29997679591178894
1688,Muscovite,0.6135732531547546
1689,Tourmaline,0.37444695830345154
1690,Muscovite,0.40772131085395813
1691,Muscovite,0.6176415681838989
1692,Biotite,0.7159061431884766
1693,Muscovite,0.66452956199646
1694,Biotite,0.5117865204811096
1695,Biotite,0.3372291922569275
1696,Muscovite,0.4022715091705322
1697,Muscovite,0.516051173210144
1698,Chlorite,0.38845983147621155
1699,Chlorite,0.3755110502243042
1700,Chlorite,0.3424137830734253
1701,Chlorite,0.35959163308143616
1702,Chlorite,0.3688535690307617
1703,Chlorite,0.410178542137146
1704,Chlorite,0.4458063542842865
1705,Chlorite,0.40820419788360596
1706,Chlorite,0.3819264769554138
1707,Chlorite,0.3717750608921051
1708,Chlorite,0.621769368648529
1709,Quartz,0.6378883123397827
1710,Quartz,0.5590164661407471
1711,Chlorite,0.6208603978157043
1712,Chlorite,0.7536582946777344
1713,Chlorite,0.6704218983650208
1714,Chlorite,0.6529024839401245
1715,Chlorite,0.7411694526672363
1716,Chlorite,0.5055073499679565
1717,Chlorite,0.5896000266075134
1718,Tourmaline,0.4858737289905548
1719,Chlorite,0.43340104818344116
1720,Chlorite,0.41571369767189026
1721,Chlorite,0.5853872895240784
1722,Tourmaline,0.522323727607727
1723,Chlorite,0.4114418029785156
1724,Tourmaline,0.3772265315055847
1725,Tourmaline,0.5207203030586243
1726,Tourmaline,0.5117952823638916
1727,Chlorite,0.5888980031013489
1728,Tourmaline,0.3476923704147339
1729,Muscovite,0.6301530599594116
1730,Tourmaline,0.3403819501399994
1731,Tourmaline,0.5678774118423462
1732,Chlorite,0.41536545753479004
1733,Tourmaline,0.5480619072914124
1734,Tourmaline,0.3746227025985718
1735,Tourmaline,0.280823290348053
1736,Muscovite,0.4153648614883423
1737,Muscovite,0.3960738778114319
1738,Chlorite,0.4311380088329315
1739,Chlorite,0.4311380088329315
1740,Chlorite,0.590630292892456
1741,Chlorite,0.5243735313415527
1742,Chlorite,0.617588222026825
1743,Quartz,0.314443975687027
1744,Chlorite,0.5882818698883057
1745,Chlorite,0.6010786890983582
1746,Chlorite,0.752373993396759
1747,Chlorite,0.45541253685951233
1748,Chlorite,0.5840981602668762
1749,Chlorite,0.5386099815368652
1750,Tourmaline,0.4708528518676758
1751,Chlorite,0.4164840579032898
1752,Chlorite,0.4145281910896301
1753,Quartz,0.7260801792144775
1754,Chlorite,0.3672906756401062
1755,Muscovite,0.38229697942733765
1756,Tourmaline,0.8029124736785889
1757,Tourmaline,0.6920939683914185
1758,Tourmaline,0.41485312581062317
1759,Chlorite,0.3510323762893677
1760,Chlorite,0.35277217626571655
1761,Chlorite,0.32982510328292847
1762,Chlorite,0.331485778093338
1763,Chlorite,0.35921478271484375
1764,Chlorite,0.46649420261383057
1765,Chlorite,0.40351295471191406
1766,Muscovite,0.5284515619277954
1767,Chlorite,0.3586012125015259
1768,Chlorite,0.38403984904289246
1769,Chlorite,0.3470708727836609
1770,Chlorite,0.3258025050163269
1771,Chlorite,0.3381544053554535
1772,Chlorite,0.4470279812812805
1773,Chlorite,0.4279816448688507
1774,Chlorite,0.3559688627719879
1775,Muscovite,0.2991352379322052
1776,Chlorite,0.2502806782722473
1777,Chlorite,0.3199910521507263
1778,Muscovite,0.6415733695030212
1779,Tourmaline,0.5810472369194031
1780,Tourmaline,0.5037293434143066
1781,Tourmaline,0.2700836956501007
1782,Tourmaline,0.44489404559135437
1783,Tourmaline,0.33711063861846924
1784,Tourmaline,0.5597372651100159
1785,Tourmaline,0.5676972270011902
1786,Tourmaline,0.7481347322463989
1787,Tourmaline,0.4309103786945343
1788,Tourmaline,0.6832557320594788
1789,Muscovite,0.2965148389339447
1790,Muscovite,0.34807851910591125
1791,Chlorite,0.32320478558540344
1792,Chlorite,0.37767699360847473
1793,Chlorite,0.32830843329429626
1794,Chlorite,0.32801955938339233
1795,Chlorite,0.310100793838501
1796,Muscovite,0.3687264025211334
1797,Muscovite,0.46186548471450806
1798,Chlorite,0.30244317650794983
1799,Chlorite,0.3811650574207306
1800,Chlorite,0.3880077004432678
1801,Muscovite,0.4917354881763458
1802,Chlorite,0.3581583499908447
1803,Chlorite,0.37728407979011536
1804,Chlorite,0.3894251883029938
1805,Chlorite,0.3707504868507385
1806,Chlorite,0.427661657333374
1807,Chlorite,0.39635905623435974
1808,Chlorite,0.4233454465866089
1809,Tourmaline,0.5850782990455627
1810,Tourmaline,0.7022427320480347
1811,Tourmaline,0.4444132149219513
1812,Tourmaline,0.6185978651046753
1813,Rutile,0.659130871295929
1814,Tourmaline,0.4825902581214905
1815,Tourmaline,0.5067752599716187
1816,Chlorite,0.6093820929527283
1817,Chlorite,0.6558833122253418
1818,Chlorite,0.5481899976730347
1819,Muscovite,0.3724686801433563
1820,Muscovite,0.3629706799983978
1821,Muscovite,0.39075544476509094
1822,Muscovite,0.38181278109550476
1823,Muscovite,0.39071589708328247
1824,Muscovite,0.42884188890457153
1825,Chlorite,0.3224978744983673
1826,Muscovite,0.3621918559074402
1827,Chlorite,0.3345898985862732
1828,Muscovite,0.4579809010028839
1829,Chlorite,0.5076580047607422
1830,Chlorite,0.4802362322807312
1831,Chlorite,0.47538191080093384
1832,Chlorite,0.5400055050849915
1833,Chlorite,0.5063257217407227
1834,Chlorite,0.43653184175491333
1835,Chlorite,0.5552518963813782
1836,Chlorite,0.5417160391807556
1837,Tourmaline,0.41688477993011475
1838,Chlorite,0.43283045291900635
1839,Muscovite,0.7874056696891785
1840,Chlorite,0.4284057021141052
1841,Muscovite,0.6455606818199158
1842,Muscovite,0.8825668096542358
1843,Muscovite,0.8800985217094421
1844,Muscovite,0.7572360634803772
1845,Muscovite,0.7126702666282654
1846,Muscovite,0.7742787003517151
1847,Muscovite,0.7154448628425598
1848,Muscovite,0.7558226585388184
1849,Chlorite,0.5435702800750732
1850,Chlorite,0.3958739936351776
1851,Chlorite,0.529462993144989
1852,Chlorite,0.509249746799469
1853,Chlorite,0.6278223991394043
1854,Chlorite,0.5709022283554077
1855,Chlorite,0.527452826499939
1856,Chlorite,0.37926185131073
1857,Chlorite,0.3302919268608093
1858,Tourmaline,0.3830700218677521
1859,Tourmaline,0.3664317727088928
1860,Muscovite,0.3850609064102173
1861,Muscovite,0.7141896486282349
1862,Muscovite,0.4131028354167938
1863,Muscovite,0.40423688292503357
1864,Tourmaline,0.45491623878479004
1865,Tourmaline,0.5202288627624512
1866,Tourmaline,0.4185459613800049
1867,Tourmaline,0.4887758791446686
1868,Muscovite,0.41762855648994446
1869,Muscovite,0.5300865769386292
1870,Muscovite,0.40209853649139404
1871,Muscovite,0.7785152196884155
1872,Chlorite,0.4215143322944641
1873,Muscovite,0.30585557222366333
1874,Muscovite,0.8722796440124512
1875,Rutile,0.3959662616252899
1876,Muscovite,0.4176492989063263
1877,Muscovite,0.6607341170310974
1878,Muscovite,0.49795985221862793
1879,Muscovite,0.6111478209495544
1880,Muscovite,0.5823739171028137
1881,Muscovite,0.4074932038784027
1882,Chlorite,0.33643651008605957
1883,Muscovite,0.8185396790504456
1884,Muscovite,0.6799617409706116
1885,Muscovite,0.5702323913574219
1886,Muscovite,0.7342966198921204
1887,Muscovite,0.4908958077430725
1888,Muscovite,0.6697514057159424
1889,Muscovite,0.4367445111274719
1890,Muscovite,0.6297415494918823
1891,Chlorite,0.3814700245857239
1892,Chlorite,0.4206562042236328
1893,Chlorite,0.4258143901824951
1894,Chlorite,0.36841222643852234
1895,Chlorite,0.3736332058906555
1896,Muscovite,0.3991450369358063
1897,Muscovite,0.9203003644943237
1898,Muscovite,0.6935487389564514
1899,Chlorite,0.4094708263874054
1900,Chlorite,0.40743035078048706
1901,Chlorite,0.3998652994632721
1902,Chlorite,0.4205787479877472
1903,Chlorite,0.39015865325927734
1904,Chlorite,0.3917646110057831
1905,Chlorite,0.4094584882259369
1906,Chlorite,0.3826133608818054
1907,Chlorite,0.36593878269195557
1908,Chlorite,0.4033235013484955
1909,Chlorite,0.32791897654533386
1910,Muscovite,0.3793538212776184
1911,Muscovite,0.4210963547229767
1912,Chlorite,0.3610374629497528
1913,Muscovite,0.32115888595581055
1914,Muscovite,0.37075722217559814
1915,Muscovite,0.34498777985572815
1916,Chlorite,0.36533433198928833
1917,Chlorite,0.3841274082660675
1918,Chlorite,0.3569180369377136
1919,Chlorite,0.3627717196941376
1920,Chlorite,0.3932614028453827
1921,Chlorite,0.32190656661987305
1922,Chlorite,0.28338757157325745
1923,Chlorite,0.4508229196071625
1924,Chlorite,0.389318585395813
1925,Chlorite,0.3171447217464447
1926,Chlorite,0.39865344762802124
1927,Chlorite,0.3320196568965912
1928,Chlorite,0.371286541223526
1929,Tourmaline,0.36846521496772766
1930,Chlorite,0.4887267053127289
1931,Tourmaline,0.42763644456863403
1932,Tourmaline,0.371893972158432
1933,Muscovite,0.48106667399406433
1934,Tourmaline,0.3169482350349426
1935,Chlorite,0.35154858231544495
1936,Biotite,0.43547722697257996
1937,Biotite,0.6040664315223694
1938,Tourmaline,0.37492090463638306
1939,Tourmaline,0.40125203132629395
1940,Tourmaline,0.4336095154285431
1941,Tourmaline,0.41270482540130615
1942,Muscovite,0.44273996353149414
1943,Muscovite,0.5864489674568176
1944,Muscovite,0.3976687788963318
1945,Tourmaline,0.5384371280670166
1946,Biotite,0.40040889382362366
1947,Tourmaline,0.4483150839805603
1948,Tourmaline,0.4075944423675537
1949,Chlorite,0.559157133102417
1950,Chlorite,0.439425528049469
1951,Chlorite,0.5099114775657654
1952,Chlorite,0.4997924268245697
1953,Chlorite,0.5455697774887085
1954,Chlorite,0.4139247536659241
1955,Chlorite,0.4447019696235657
1956,Chlorite,0.6423168778419495
1957,Chlorite,0.5145571827888489
1958,Chlorite,0.5875638127326965
1959,Muscovite,0.5950844287872314
1960,Muscovite,0.4546806514263153
1961,Muscovite,0.720978319644928
1962,Muscovite,0.35034939646720886
1963,Muscovite,0.446562796831131
1964,Muscovite,0.7910878658294678
1965,Muscovite,0.6541833877563477
1966,Muscovite,0.71595698595047
1967,Muscovite,0.501828670501709
1968,Muscovite,0.32764899730682373
1969,Muscovite,0.3454538881778717
1970,Muscovite,0.4580238461494446
1971,Chlorite,0.43637457489967346
1972,Chlorite,0.5010156035423279
1973,Chlorite,0.3116682767868042
1974,Chlorite,0.3451932370662689
1975,Chlorite,0.3938679099082947
1976,Muscovite,0.42927268147468567
1977,Muscovite,0.36060214042663574
1978,Muscovite,0.616233229637146
1979,Chlorite,0.45123744010925293
1980,Chlorite,0.4889813959598541
1981,Chlorite,0.4082564115524292
1982,Chlorite,0.5038403272628784
1983,Chlorite,0.5588235855102539
1984,Tourmaline,0.42622700333595276
1985,Chlorite,0.4552634656429291
1986,Chlorite,0.5118475556373596
1987,Chlorite,0.32494041323661804
1988,Tourmaline,0.4906941056251526
1989,Tourmaline,0.32890990376472473
1990,Tourmaline,0.49054959416389465
1991,Chlorite,0.4330621659755707
1992,Muscovite,0.38332751393318176
1993,Chlorite,0.35924839973449707
1994,Muscovite,0.35939303040504456
1995,Muscovite,0.37795165181159973
1996,Muscovite,0.6038434505462646
1997,Muscovite,0.33749085664749146
1998,Tourmaline,0.314674437046051
1999,Muscovite,0.5216748118400574
